sample,ses_dimension,mediator,outcome,n,a_path,a_p,b_path,b_p,c_total,c_total_p,c_prime,c_prime_p,indirect_ab,direct_plus_indirect_check,r2_mediator_model,r2_outcome_model,indirect_boot_mean,indirect_ci_low_95,indirect_ci_high_95,prop_ab_positive,p_indirect_boot
Combined,SES Factor 1,Conceptual exposure,AI conceptual understanding,141,0.1785412923912483,0.030738127336493268,-0.00202879972452041,0.9825189852896354,0.10787452053189059,0.204698561954186,0.1082367450567095,0.20850057166028135,-0.00036222452481888255,0.10787452053189062,0.03187699308873715,0.011640897001701012,0.0003278211140907343,-0.03561299942274224,0.040632096755270596,0.49933333333333335,0.9986666666666667
Combined,SES Factor 1,Conceptual exposure,AI ability/confidence,141,0.1785412923912483,0.030738127336493268,0.011747750256526086,0.9339446072884823,0.06357453518106804,0.4619955752523315,0.061477076667578276,0.43102960985700456,0.0020974585134897862,0.06357453518106806,0.03187699308873715,0.004175331827363182,0.0028803392925753914,-0.049189129123846195,0.06410278918584786,0.516,0.968
Combined,SES Factor 1,Practical AI use,AI conceptual understanding,141,0.13405404812351787,0.13475556121987714,0.024333508472057827,0.805110222721616,0.10787452053189059,0.204698561954186,0.10461251521616334,0.2245089926074717,0.00326200531572727,0.10787452053189062,0.017970487818302683,0.012218391135864426,0.0010733746792453462,-0.03314056035345088,0.032350011176110686,0.5503333333333333,0.8993333333333333
Combined,SES Factor 1,Practical AI use,AI ability/confidence,141,0.13405404812351787,0.13475556121987714,0.21323840796137666,0.07263490815443346,0.06357453518106804,0.4619955752523315,0.034989063378431294,0.6590650926939139,0.028585471802636722,0.06357453518106801,0.017970487818302683,0.04869521095521201,0.02922429472305614,-0.005227018914776714,0.09789829504763116,0.927,0.1459999999999999
Combined,SES Factor 1,Learning ecology,AI conceptual understanding,141,0.24220301731068633,0.002832659058606518,0.07279949075999857,0.47530356819168285,0.10787452053189059,0.204698561954186,0.0902422642111376,0.3184466589236572,0.017632256320753083,0.10787452053189067,0.058662301594400335,0.016625781571939946,0.017222191748377042,-0.03136787114013788,0.07375553999014424,0.776,0.44799999999999995
Combined,SES Factor 1,Learning ecology,AI ability/confidence,141,0.24220301731068633,0.002832659058606518,0.15656683563604168,0.24403048838008012,0.06357453518106804,0.4619955752523315,0.025653575179232467,0.754696800221953,0.037920960001835584,0.06357453518106805,0.058662301594400335,0.027116896337111784,0.03971732176842745,-0.01865371259004814,0.12591704033198486,0.8943333333333333,0.21133333333333337
Combined,SES Factor 1,Language load,AI conceptual understanding,141,-0.12781928456102645,0.14061026034544388,-0.3205256573553895,0.0005022726260854192,0.10787452053189059,0.204698561954186,0.06690516032527205,0.40664588164451376,0.040969360206618594,0.10787452053189064,0.016337769505692656,0.1126951207273501,0.040829461404386674,-0.015222730556839512,0.10667361143622053,0.93,0.1399999999999999
Combined,SES Factor 1,Language load,AI ability/confidence,141,-0.12781928456102645,0.14061026034544388,-0.18720051045815483,0.1215767943317504,0.06357453518106804,0.4619955752523315,0.03964669986484774,0.6762599392671418,0.0239278353162203,0.06357453518106804,0.016337769505692656,0.03851321133636254,0.022733517190755625,-0.012025701254436113,0.07710607297647284,0.8793333333333333,0.2413333333333334
Combined,SES Factor 1,Epistemic stance,AI conceptual understanding,141,0.040958978420221004,0.6431352242716786,0.28359167552987236,0.008862974220292346,0.10787452053189059,0.204698561954186,0.09625889521370817,0.23572774541650565,0.011615625318182358,0.10787452053189053,0.0016776379132282804,0.09192622785829319,0.010471821184149091,-0.042858534525138006,0.06294988501438435,0.686,0.6279999999999999
Combined,SES Factor 1,Epistemic stance,AI ability/confidence,141,0.040958978420221004,0.6431352242716786,0.24938308444901527,0.10423730939365664,0.06357453518106804,0.4619955752523315,0.05336005880675259,0.5194914637262296,0.010214476374315369,0.06357453518106795,0.0016776379132282804,0.06612930880519241,0.010935409322545865,-0.037800292549882666,0.07246503579209233,0.6613333333333333,0.6773333333333333
Combined,SES Factor 2,Conceptual exposure,AI conceptual understanding,141,0.0860735513087917,0.2401149563405952,0.010912365008745236,0.9047948713055729,0.07510332124266149,0.524783351505866,0.07416405523318093,0.5298088431667228,0.0009392660094804963,0.07510332124266142,0.007408656234906941,0.005758706351125742,0.0017131921647660822,-0.01887444811753081,0.025967626970502016,0.5553333333333333,0.8893333333333333
Combined,SES Factor 2,Conceptual exposure,AI ability/confidence,141,0.0860735513087917,0.2401149563405952,0.0112244423965106,0.9371353993331861,0.13456703528209163,0.1233205098835141,0.1336009076635629,0.10418039717508304,0.000966127618528632,0.13456703528209152,0.007408656234906941,0.01823334168914892,0.001471856443906655,-0.03559382248002176,0.04055871506639266,0.546,0.9079999999999999
Combined,SES Factor 2,Practical AI use,AI conceptual understanding,141,0.1442997604366091,0.0881394715164091,0.028105063825180854,0.7705620482782938,0.07510332124266149,0.524783351505866,0.07104776726563225,0.5500007790318717,0.004055553977029206,0.07510332124266146,0.02082242086206243,0.006413955956235062,0.0034570230368981096,-0.03089797686287942,0.039394590620463556,0.5963333333333334,0.8073333333333332
Combined,SES Factor 2,Practical AI use,AI ability/confidence,141,0.1442997604366091,0.0881394715164091,0.2027322181623103,0.08185383132096642,0.13456703528209163,0.1233205098835141,0.10531282476848788,0.17856313891962328,0.02925421051360375,0.13456703528209163,0.02082242086206243,0.058352830432848,0.031189880738529154,-0.0026547366853771808,0.09874418954588804,0.9473333333333334,0.10533333333333328
Combined,SES Factor 2,Learning ecology,AI conceptual understanding,141,0.2525114105583867,0.0013106908691101911,0.08084695864065541,0.4174399166639988,0.07510332124266149,0.524783351505866,0.05468854167695399,0.6520275807422178,0.02041477956570745,0.07510332124266145,0.06376201246218605,0.011759976358405755,0.022349905822818844,-0.026329075506277846,0.08329343694772054,0.796,0.4079999999999999
Combined,SES Factor 2,Learning ecology,AI ability/confidence,141,0.2525114105583867,0.0013106908691101911,0.13757238946717593,0.28717383601095325,0.13456703528209163,0.1233205098835141,0.0998284371638472,0.18338720984758905,0.03473859811824433,0.13456703528209155,0.06376201246218605,0.03582767912909912,0.03748335300794919,-0.021811739732508988,0.11923299383952955,0.8856666666666667,0.22866666666666657
Combined,SES Factor 2,Language load,AI conceptual understanding,141,-0.08643372618508449,0.3890926388997119,-0.3250140787896222,0.0005024243706801855,0.07510332124266149,0.524783351505866,0.04701114335026177,0.6546225628417667,0.02809217789239968,0.07510332124266145,0.007470789022237967,0.11048548981440665,0.029997607632959094,-0.024883416266900077,0.10210131787747652,0.8343333333333334,0.33133333333333326
Combined,SES Factor 2,Language load,AI ability/confidence,141,-0.08643372618508449,0.3890926388997119,-0.18199665157564998,0.13257146732781344,0.13456703528209163,0.1233205098835141,0.11883638653319968,0.21653760152980261,0.015730648748891955,0.13456703528209163,0.007470789022237967,0.050983614859299475,0.015890928296685456,-0.018583226008564924,0.06874640509545298,0.8006666666666666,0.3986666666666667
Combined,SES Factor 2,Epistemic stance,AI conceptual understanding,141,0.14796096381503682,0.17595521798957448,0.2826089838937006,0.008762950575123234,0.07510332124266149,0.524783351505866,0.033288223602961395,0.7504309618942714,0.041815097639700156,0.07510332124266156,0.02189244681307445,0.0837598442484907,0.04271839779268564,-0.003934947025545127,0.11396835670633272,0.9606666666666667,0.07866666666666666
Combined,SES Factor 2,Epistemic stance,AI ability/confidence,141,0.14796096381503682,0.17595521798957448,0.2368430638873113,0.11269157552736254,0.13456703528209163,0.1233205098835141,0.0995235072764187,0.2085792096270993,0.03504352800567292,0.13456703528209163,0.02189244681307445,0.0729748750410566,0.03919664612406741,-0.009264497326199203,0.13172913233908592,0.9176666666666666,0.16466666666666674
